titleId	ordering	title	region	language	types	attributes	isOriginalTitle
tt5483304	1	Episode #1.55	\N	\N	original	\N	1
tt5483304	2	Episódio #1.55	PT	pt	\N	\N	0
tt5483304	3	एपिसोड #1.55	IN	hi	\N	\N	0
tt5483304	4	Épisode #1.55	FR	fr	\N	\N	0
tt5483304	5	Episodio #1.55	IT	it	\N	\N	0
tt5483304	6	Folge #1.55	DE	de	\N	\N	0
tt5483304	7	エピソード #1.55	JP	ja	\N	\N	0
tt5483304	8	Episodio #1.55	ES	es	\N	\N	0
tt5483306	1	Tschu Fu Taiwan	\N	\N	original	\N	1
tt5483306	2	Tschu Fu Taiwan	XWG	\N	imdbDisplay	\N	0
tt5483308	1	Episode #1.13	\N	\N	original	\N	1
tt5483308	2	Episódio #1.13	PT	pt	\N	\N	0
tt5483308	3	एपिसोड #1.13	IN	hi	\N	\N	0
tt5483308	4	Épisode #1.13	FR	fr	\N	\N	0
tt5483308	5	Episodio #1.13	IT	it	\N	\N	0
tt5483308	6	Folge #1.13	DE	de	\N	\N	0
tt5483308	7	エピソード #1.13	JP	ja	\N	\N	0
tt5483308	8	Episodio #1.13	ES	es	\N	\N	0
tt5483310	1	Episode #1.13497	\N	\N	original	\N	1
tt5483310	2	Episódio #1.13497	PT	pt	\N	\N	0
tt5483310	3	एपिसोड #1.13497	IN	hi	\N	\N	0
tt5483310	4	Épisode #1.13497	FR	fr	\N	\N	0
tt5483310	5	Episodio #1.13497	IT	it	\N	\N	0
tt5483310	6	Folge #1.13497	DE	de	\N	\N	0
tt5483310	7	エピソード #1.13497	JP	ja	\N	\N	0
tt5483310	8	Episodio #1.13497	ES	es	\N	\N	0
tt5483312	1	Episode #1.56	\N	\N	original	\N	1
tt5483312	2	Episódio #1.56	PT	pt	\N	\N	0
tt5483312	3	एपिसोड #1.56	IN	hi	\N	\N	0
tt5483312	4	Épisode #1.56	FR	fr	\N	\N	0
tt5483312	5	Episodio #1.56	IT	it	\N	\N	0
tt5483312	6	Folge #1.56	DE	de	\N	\N	0
tt5483312	7	エピソード #1.56	JP	ja	\N	\N	0
tt5483312	8	Episodio #1.56	ES	es	\N	\N	0
tt5483314	1	Nightcrawlers of Phnom Penh	\N	\N	original	\N	1
tt5483314	2	Nightcrawlers of Phnom Penh	GB	\N	imdbDisplay	\N	0
tt5483316	1	The Children Who Beat Ebola	\N	\N	original	\N	1
tt5483316	2	The Children Who Beat Ebola	GB	\N	\N	\N	0
tt5483318	1	Brave Beats	\N	\N	original	\N	1
tt5483318	2	ブレイブビーツ	JP	ja	imdbDisplay	\N	0
tt5483320	1	Episode #1.57	\N	\N	original	\N	1
tt5483320	2	Episódio #1.57	PT	pt	\N	\N	0
tt5483320	3	एपिसोड #1.57	IN	hi	\N	\N	0
tt5483320	4	Épisode #1.57	FR	fr	\N	\N	0
tt5483320	5	Episodio #1.57	IT	it	\N	\N	0
tt5483320	6	Folge #1.57	DE	de	\N	\N	0
tt5483320	7	エピソード #1.57	JP	ja	\N	\N	0
tt5483320	8	Episodio #1.57	ES	es	\N	\N	0
tt5483324	1	How the Monarchy Can Make You Millions	\N	\N	original	\N	1
tt5483324	2	How the Monarchy Can Make You Millions	GB	\N	\N	\N	0
tt5483326	1	Low Pay Britain II	\N	\N	original	\N	1
tt5483326	2	Low Pay Britain II	GB	\N	\N	\N	0
tt5483328	1	Britain's Nightmare New Homes	\N	\N	original	\N	1
tt5483328	2	Britain's Nightmare New Homes	GB	\N	\N	\N	0
tt5483330	1	No Man's Love	\N	\N	original	\N	1
tt5483330	2	Koul Trab	TN	ar	\N	new title	0
tt5483330	3	No Man's Love	US	\N	imdbDisplay	\N	0
tt5483332	1	Die Traumschiff-Gala	\N	\N	original	\N	1
tt5483332	2	Die Traumschiff-Gala	DE	\N	imdbDisplay	\N	0
tt5483334	1	Der Tel-Aviv-Krimi	\N	\N	original	\N	1
tt5483334	2	Der Tel-Aviv-Krimi	DE	\N	imdbDisplay	\N	0
tt5483334	3	Sara Stein	IT	\N	imdbDisplay	\N	0
tt5483336	1	Der Held von Tannenberg	\N	\N	original	\N	1
tt5483336	2	Der Held von Tannenberg	XWG	\N	imdbDisplay	\N	0
tt5483336	3	Der Held von Tannenberg - Ruhm und Nachruhm des Paul von Hindenburg	XWG	\N	\N	complete title	0
tt5483338	1	You Will Get Punished Dan	\N	\N	original	\N	1
tt5483338	2	You Will Get Punished Dan	GB	\N	\N	\N	0
tt5483340	1	Here's How To Be A Lady	\N	\N	original	\N	1
tt5483340	2	Here's How To Be A Lady	GB	\N	\N	\N	0
tt5483346	1	Volter ne m'intéresse pas	\N	\N	original	\N	1
tt5483346	2	Volter ne m'intéresse pas	BE	\N	\N	\N	0
tt5483348	1	Riggor Mortiss Presents	\N	\N	original	\N	1
tt5483348	2	Riggor Mortiss Presents	AU	\N	imdbDisplay	\N	0
tt5483348	3	Riggor Mortiss Presents	CA	en	imdbDisplay	\N	0
tt5483348	4	Riggor Mortiss Presents	GB	\N	imdbDisplay	\N	0
tt5483348	5	Riggor Mortiss Presents	IE	en	imdbDisplay	\N	0
tt5483348	6	Riggor Mortiss Presents	IN	en	imdbDisplay	\N	0
tt5483348	7	Riggor Mortiss Presents	NZ	en	imdbDisplay	\N	0
tt5483348	8	Riggor Mortiss Presents	US	\N	imdbDisplay	\N	0
tt5483348	9	Riggor Mortiss Presents	ZA	en	imdbDisplay	\N	0
tt5483350	1	Karajan a Salzbourg	\N	\N	original	\N	1
tt5483350	2	Herbert von Karajan zeigt: Entstehung einer Opernaufführung	XWG	\N	imdbDisplay	\N	0
tt5483350	3	Karajan a Salzbourg	FR	\N	imdbDisplay	\N	0
tt5483352	1	Episode #1.17	\N	\N	original	\N	1
tt5483352	2	Episódio #1.17	PT	pt	\N	\N	0
tt5483352	3	एपिसोड #1.17	IN	hi	\N	\N	0
tt5483352	4	Épisode #1.17	FR	fr	\N	\N	0
tt5483352	5	Episodio #1.17	IT	it	\N	\N	0
tt5483352	6	Folge #1.17	DE	de	\N	\N	0
tt5483352	7	エピソード #1.17	JP	ja	\N	\N	0
tt5483352	8	Episodio #1.17	ES	es	\N	\N	0
tt5483354	1	Pearl Island	\N	\N	original	\N	1
tt5483354	2	Pearl Island	IQ	\N	imdbDisplay	\N	0
tt5483356	1	J.C. Strikes	\N	\N	original	\N	1
tt5483358	1	Anton Dvorak: Symphonie Nr. 9 e-Moll op. 95 'Aus der neuen Welt'	\N	\N	original	\N	1
tt5483358	2	Karajan Conducts Dvorak's New World Symphony	GB	\N	imdbDisplay	\N	0
tt5483358	3	Karajan Conducts Dvorak's New World Symphony	US	\N	imdbDisplay	\N	0
tt5483358	4	Karajan Conducts Dvorak's New World Symphony	XWW	en	imdbDisplay	\N	0
tt5483358	5	Anton Dvorak: Symphonie Nr. 9 e-Moll op. 95 'Aus der neuen Welt'	FR	\N	imdbDisplay	\N	0
tt5483358	6	Berühmte Dirigenten: Herbert von Karajan	XWG	\N	\N	alternative transliteration	0
tt5483362	1	Tsukiyo garasu	\N	\N	original	\N	1
tt5483362	2	Tsukiyo garasu	JP	\N	\N	\N	0
tt5483364	1	Shinkai wa majingaa Z no hakaba da	\N	\N	original	\N	1
tt5483366	1	Zwart	\N	\N	original	\N	1
tt5483366	2	Zwart	NL	\N	\N	\N	0
tt5483368	1	The Fatal Signal	\N	\N	original	\N	1
tt5483372	1	El Menú de Ayer	\N	\N	original	\N	1
tt5483372	2	Yesterday's Menu	GB	\N	imdbDisplay	\N	0
tt5483372	3	Yesterday's Menu	US	\N	imdbDisplay	\N	0
tt5483372	4	Yesterday's Menu	XWW	en	imdbDisplay	\N	0
tt5483372	5	El Menú de Ayer	ES	\N	imdbDisplay	\N	0
tt5483374	1	Episode #1.1	\N	\N	original	\N	1
tt5483374	2	Episódio #1.1	PT	pt	\N	\N	0
tt5483374	3	एपिसोड #1.1	IN	hi	\N	\N	0
tt5483374	4	Épisode #1.1	FR	fr	\N	\N	0
tt5483374	5	Episodio #1.1	IT	it	\N	\N	0
tt5483374	6	Folge #1.1	DE	de	\N	\N	0
tt5483374	7	エピソード #1.1	JP	ja	\N	\N	0
tt5483374	8	Episodio #1.1	ES	es	\N	\N	0
tt5483376	1	Episode #1.555	\N	\N	original	\N	1
tt5483376	2	Episódio #1.555	PT	pt	\N	\N	0
tt5483376	3	एपिसोड #1.555	IN	hi	\N	\N	0
tt5483376	4	Épisode #1.555	FR	fr	\N	\N	0
tt5483376	5	Episodio #1.555	IT	it	\N	\N	0
tt5483376	6	Folge #1.555	DE	de	\N	\N	0
tt5483376	7	エピソード #1.555	JP	ja	\N	\N	0
tt5483376	8	Episodio #1.555	ES	es	\N	\N	0
tt5483378	1	Episode #1.2	\N	\N	original	\N	1
tt5483378	2	Episódio #1.2	PT	pt	\N	\N	0
tt5483378	3	एपिसोड #1.2	IN	hi	\N	\N	0
tt5483378	4	Épisode #1.2	FR	fr	\N	\N	0
tt5483378	5	Episodio #1.2	IT	it	\N	\N	0
tt5483378	6	Folge #1.2	DE	de	\N	\N	0
tt5483378	7	エピソード #1.2	JP	ja	\N	\N	0
tt5483378	8	Episodio #1.2	ES	es	\N	\N	0
tt5483380	1	Episode #1.3	\N	\N	original	\N	1
tt5483380	2	Episódio #1.3	PT	pt	\N	\N	0
tt5483380	3	एपिसोड #1.3	IN	hi	\N	\N	0
tt5483380	4	Épisode #1.3	FR	fr	\N	\N	0
tt5483380	5	Episodio #1.3	IT	it	\N	\N	0
tt5483380	6	Folge #1.3	DE	de	\N	\N	0
tt5483380	7	エピソード #1.3	JP	ja	\N	\N	0
tt5483380	8	Episodio #1.3	ES	es	\N	\N	0
tt5483382	1	Episode #1.4	\N	\N	original	\N	1
tt5483382	2	Episódio #1.4	PT	pt	\N	\N	0
tt5483382	3	एपिसोड #1.4	IN	hi	\N	\N	0
tt5483382	4	Épisode #1.4	FR	fr	\N	\N	0
tt5483382	5	Episodio #1.4	IT	it	\N	\N	0
tt5483382	6	Folge #1.4	DE	de	\N	\N	0
tt5483382	7	エピソード #1.4	JP	ja	\N	\N	0
tt5483382	8	Episodio #1.4	ES	es	\N	\N	0
tt5483384	1	Episode #1.5	\N	\N	original	\N	1
tt5483384	2	Episódio #1.5	PT	pt	\N	\N	0
tt5483384	3	एपिसोड #1.5	IN	hi	\N	\N	0
tt5483384	4	Épisode #1.5	FR	fr	\N	\N	0
tt5483384	5	Episodio #1.5	IT	it	\N	\N	0
tt5483384	6	Folge #1.5	DE	de	\N	\N	0
tt5483384	7	エピソード #1.5	JP	ja	\N	\N	0
tt5483384	8	Episodio #1.5	ES	es	\N	\N	0
tt5483386	1	Episode #1.6	\N	\N	original	\N	1
tt5483386	2	Episódio #1.6	PT	pt	\N	\N	0
tt5483386	3	एपिसोड #1.6	IN	hi	\N	\N	0
tt5483386	4	Épisode #1.6	FR	fr	\N	\N	0
tt5483386	5	Episodio #1.6	IT	it	\N	\N	0
tt5483386	6	Folge #1.6	DE	de	\N	\N	0
tt5483386	7	エピソード #1.6	JP	ja	\N	\N	0
tt5483386	8	Episodio #1.6	ES	es	\N	\N	0
tt5483388	1	Episode #1.7	\N	\N	original	\N	1
tt5483388	2	Episódio #1.7	PT	pt	\N	\N	0
tt5483388	3	एपिसोड #1.7	IN	hi	\N	\N	0
tt5483388	4	Épisode #1.7	FR	fr	\N	\N	0
tt5483388	5	Episodio #1.7	IT	it	\N	\N	0
tt5483388	6	Folge #1.7	DE	de	\N	\N	0
tt5483388	7	エピソード #1.7	JP	ja	\N	\N	0
tt5483388	8	Episodio #1.7	ES	es	\N	\N	0
tt5483390	1	Episode #1.8	\N	\N	original	\N	1
tt5483390	2	Episódio #1.8	PT	pt	\N	\N	0
tt5483390	3	एपिसोड #1.8	IN	hi	\N	\N	0
tt5483390	4	Épisode #1.8	FR	fr	\N	\N	0
tt5483390	5	Episodio #1.8	IT	it	\N	\N	0
tt5483390	6	Folge #1.8	DE	de	\N	\N	0
tt5483390	7	エピソード #1.8	JP	ja	\N	\N	0
tt5483390	8	Episodio #1.8	ES	es	\N	\N	0
tt5483392	1	Episode #1.9	\N	\N	original	\N	1
tt5483392	2	Episódio #1.9	PT	pt	\N	\N	0
tt5483392	3	एपिसोड #1.9	IN	hi	\N	\N	0
tt5483392	4	Épisode #1.9	FR	fr	\N	\N	0
tt5483392	5	Episodio #1.9	IT	it	\N	\N	0
tt5483392	6	Folge #1.9	DE	de	\N	\N	0
tt5483392	7	エピソード #1.9	JP	ja	\N	\N	0
tt5483392	8	Episodio #1.9	ES	es	\N	\N	0
tt5483394	1	Episode #1.10	\N	\N	original	\N	1
tt5483394	2	Episódio #1.10	PT	pt	\N	\N	0
tt5483394	3	एपिसोड #1.10	IN	hi	\N	\N	0
tt5483394	4	Épisode #1.10	FR	fr	\N	\N	0
tt5483394	5	Episodio #1.10	IT	it	\N	\N	0
tt5483394	6	Folge #1.10	DE	de	\N	\N	0
tt5483394	7	エピソード #1.10	JP	ja	\N	\N	0
tt5483394	8	Episodio #1.10	ES	es	\N	\N	0
tt5483396	1	Double Exposure	\N	\N	original	\N	1
tt5483398	1	Episode #1.11	\N	\N	original	\N	1
tt5483398	2	Episódio #1.11	PT	pt	\N	\N	0
tt5483398	3	एपिसोड #1.11	IN	hi	\N	\N	0
tt5483398	4	Épisode #1.11	FR	fr	\N	\N	0
tt5483398	5	Episodio #1.11	IT	it	\N	\N	0
tt5483398	6	Folge #1.11	DE	de	\N	\N	0
tt5483398	7	エピソード #1.11	JP	ja	\N	\N	0
tt5483398	8	Episodio #1.11	ES	es	\N	\N	0
tt5483400	1	Legacy of Death	\N	\N	original	\N	1
tt5483402	1	Episode #1.12	\N	\N	original	\N	1
tt5483402	2	Episódio #1.12	PT	pt	\N	\N	0
tt5483402	3	एपिसोड #1.12	IN	hi	\N	\N	0
tt5483402	4	Épisode #1.12	FR	fr	\N	\N	0
tt5483402	5	Episodio #1.12	IT	it	\N	\N	0
tt5483402	6	Folge #1.12	DE	de	\N	\N	0
tt5483402	7	エピソード #1.12	JP	ja	\N	\N	0
tt5483402	8	Episodio #1.12	ES	es	\N	\N	0
tt5483404	1	Episode #1.13	\N	\N	original	\N	1
tt5483404	2	Episódio #1.13	PT	pt	\N	\N	0
tt5483404	3	एपिसोड #1.13	IN	hi	\N	\N	0
tt5483404	4	Épisode #1.13	FR	fr	\N	\N	0
tt5483404	5	Episodio #1.13	IT	it	\N	\N	0
tt5483404	6	Folge #1.13	DE	de	\N	\N	0
tt5483404	7	エピソード #1.13	JP	ja	\N	\N	0
tt5483404	8	Episodio #1.13	ES	es	\N	\N	0
tt5483406	1	Episode #1.14	\N	\N	original	\N	1
tt5483406	2	Episódio #1.14	PT	pt	\N	\N	0
tt5483406	3	एपिसोड #1.14	IN	hi	\N	\N	0
tt5483406	4	Épisode #1.14	FR	fr	\N	\N	0
tt5483406	5	Episodio #1.14	IT	it	\N	\N	0
tt5483406	6	Folge #1.14	DE	de	\N	\N	0
tt5483406	7	エピソード #1.14	JP	ja	\N	\N	0
tt5483406	8	Episodio #1.14	ES	es	\N	\N	0
tt5483408	1	Episode #1.15	\N	\N	original	\N	1
tt5483408	2	Episódio #1.15	PT	pt	\N	\N	0
tt5483408	3	एपिसोड #1.15	IN	hi	\N	\N	0
tt5483408	4	Épisode #1.15	FR	fr	\N	\N	0
tt5483408	5	Episodio #1.15	IT	it	\N	\N	0
tt5483408	6	Folge #1.15	DE	de	\N	\N	0
tt5483408	7	エピソード #1.15	JP	ja	\N	\N	0
tt5483408	8	Episodio #1.15	ES	es	\N	\N	0
tt5483410	1	Episode #1.16	\N	\N	original	\N	1
tt5483410	2	Episódio #1.16	PT	pt	\N	\N	0
tt5483410	3	एपिसोड #1.16	IN	hi	\N	\N	0
tt5483410	4	Épisode #1.16	FR	fr	\N	\N	0
tt5483410	5	Episodio #1.16	IT	it	\N	\N	0
tt5483410	6	Folge #1.16	DE	de	\N	\N	0
tt5483410	7	エピソード #1.16	JP	ja	\N	\N	0
tt5483410	8	Episodio #1.16	ES	es	\N	\N	0
tt5483412	1	Godard Girl	\N	\N	original	\N	1
tt5483412	2	Godard Girl	US	\N	imdbDisplay	\N	0
tt5483414	1	Episode #1.17	\N	\N	original	\N	1
tt5483414	2	Episódio #1.17	PT	pt	\N	\N	0
tt5483414	3	एपिसोड #1.17	IN	hi	\N	\N	0
tt5483414	4	Épisode #1.17	FR	fr	\N	\N	0
tt5483414	5	Episodio #1.17	IT	it	\N	\N	0
tt5483414	6	Folge #1.17	DE	de	\N	\N	0
tt5483414	7	エピソード #1.17	JP	ja	\N	\N	0
tt5483414	8	Episodio #1.17	ES	es	\N	\N	0
tt5483416	1	Ondho Bishwas	\N	\N	original	\N	1
tt5483416	2	Ondho Bishwas	BD	\N	\N	\N	0
tt5483418	1	Moana's Place	\N	\N	original	\N	1
tt5483418	2	Moana's Place	AU	\N	imdbDisplay	\N	0
tt5483418	3	Moana's Place	CA	en	imdbDisplay	\N	0
tt5483418	4	Moana's Place	GB	\N	imdbDisplay	\N	0
tt5483418	5	Moana's Place	IE	en	imdbDisplay	\N	0
tt5483418	6	Moana's Place	IN	en	imdbDisplay	\N	0
tt5483418	7	Moana's Place	NZ	en	imdbDisplay	\N	0
tt5483418	8	Moana's Place	US	\N	imdbDisplay	\N	0
tt5483418	9	Moana's Place	ZA	en	imdbDisplay	\N	0
tt5483420	1	Episode #1.18	\N	\N	original	\N	1
tt5483420	2	Episódio #1.18	PT	pt	\N	\N	0
tt5483420	3	एपिसोड #1.18	IN	hi	\N	\N	0
tt5483420	4	Épisode #1.18	FR	fr	\N	\N	0
tt5483420	5	Episodio #1.18	IT	it	\N	\N	0
tt5483420	6	Folge #1.18	DE	de	\N	\N	0
tt5483420	7	エピソード #1.18	JP	ja	\N	\N	0
tt5483420	8	Episodio #1.18	ES	es	\N	\N	0
tt5483422	1	Episode #1.19	\N	\N	original	\N	1
tt5483422	2	Episódio #1.19	PT	pt	\N	\N	0
tt5483422	3	एपिसोड #1.19	IN	hi	\N	\N	0
tt5483422	4	Épisode #1.19	FR	fr	\N	\N	0
tt5483422	5	Episodio #1.19	IT	it	\N	\N	0
tt5483422	6	Folge #1.19	DE	de	\N	\N	0
tt5483422	7	エピソード #1.19	JP	ja	\N	\N	0
tt5483422	8	Episodio #1.19	ES	es	\N	\N	0
tt5483424	1	Pilot	\N	\N	original	\N	1
tt5483426	1	Episode #1.20	\N	\N	original	\N	1
tt5483426	2	Episódio #1.20	PT	pt	\N	\N	0
tt5483426	3	एपिसोड #1.20	IN	hi	\N	\N	0
tt5483426	4	Épisode #1.20	FR	fr	\N	\N	0
tt5483426	5	Episodio #1.20	IT	it	\N	\N	0
tt5483426	6	Folge #1.20	DE	de	\N	\N	0
tt5483426	7	エピソード #1.20	JP	ja	\N	\N	0
tt5483426	8	Episodio #1.20	ES	es	\N	\N	0
tt5483428	1	Episode #1.21	\N	\N	original	\N	1
tt5483428	2	Episódio #1.21	PT	pt	\N	\N	0
tt5483428	3	एपिसोड #1.21	IN	hi	\N	\N	0
tt5483428	4	Épisode #1.21	FR	fr	\N	\N	0
tt5483428	5	Episodio #1.21	IT	it	\N	\N	0
tt5483428	6	Folge #1.21	DE	de	\N	\N	0
tt5483428	7	エピソード #1.21	JP	ja	\N	\N	0
tt5483428	8	Episodio #1.21	ES	es	\N	\N	0
tt5483430	1	Episode #1.22	\N	\N	original	\N	1
tt5483430	2	Episódio #1.22	PT	pt	\N	\N	0
tt5483430	3	एपिसोड #1.22	IN	hi	\N	\N	0
tt5483430	4	Épisode #1.22	FR	fr	\N	\N	0
tt5483430	5	Episodio #1.22	IT	it	\N	\N	0
tt5483430	6	Folge #1.22	DE	de	\N	\N	0
tt5483430	7	エピソード #1.22	JP	ja	\N	\N	0
tt5483430	8	Episodio #1.22	ES	es	\N	\N	0
tt5483432	1	Episode #1.23	\N	\N	original	\N	1
tt5483432	2	Episódio #1.23	PT	pt	\N	\N	0
tt5483432	3	एपिसोड #1.23	IN	hi	\N	\N	0
tt5483432	4	Épisode #1.23	FR	fr	\N	\N	0
tt5483432	5	Episodio #1.23	IT	it	\N	\N	0
tt5483432	6	Folge #1.23	DE	de	\N	\N	0
tt5483432	7	エピソード #1.23	JP	ja	\N	\N	0
tt5483432	8	Episodio #1.23	ES	es	\N	\N	0
tt5483434	1	Episode #1.24	\N	\N	original	\N	1
tt5483434	2	Episódio #1.24	PT	pt	\N	\N	0
tt5483434	3	एपिसोड #1.24	IN	hi	\N	\N	0
tt5483434	4	Épisode #1.24	FR	fr	\N	\N	0
tt5483434	5	Episodio #1.24	IT	it	\N	\N	0
tt5483434	6	Folge #1.24	DE	de	\N	\N	0
tt5483434	7	エピソード #1.24	JP	ja	\N	\N	0
tt5483434	8	Episodio #1.24	ES	es	\N	\N	0
tt5483436	1	Episode #1.25	\N	\N	original	\N	1
tt5483436	2	Episódio #1.25	PT	pt	\N	\N	0
tt5483436	3	एपिसोड #1.25	IN	hi	\N	\N	0
tt5483436	4	Épisode #1.25	FR	fr	\N	\N	0
tt5483436	5	Episodio #1.25	IT	it	\N	\N	0
tt5483436	6	Folge #1.25	DE	de	\N	\N	0
tt5483436	7	エピソード #1.25	JP	ja	\N	\N	0
tt5483436	8	Episodio #1.25	ES	es	\N	\N	0
tt5483438	1	Episode #1.26	\N	\N	original	\N	1
tt5483438	2	Episódio #1.26	PT	pt	\N	\N	0
tt5483438	3	एपिसोड #1.26	IN	hi	\N	\N	0
tt5483438	4	Épisode #1.26	FR	fr	\N	\N	0
tt5483438	5	Episodio #1.26	IT	it	\N	\N	0
tt5483438	6	Folge #1.26	DE	de	\N	\N	0
tt5483438	7	エピソード #1.26	JP	ja	\N	\N	0
tt5483438	8	Episodio #1.26	ES	es	\N	\N	0
tt5483440	1	Football on the Beach	\N	\N	original	\N	1
tt5483442	1	Sonic and Shadow	\N	\N	original	\N	1
tt5483444	1	Turkish Moovie	\N	\N	original	\N	1
tt5483446	1	Rad der Zeit	\N	\N	original	\N	1
tt5483448	1	Beavis and Butt-Head and Daria	\N	\N	original	\N	1
tt5483450	1	Baruch's Boots	\N	\N	original	\N	1
tt5483452	1	Instant Restaurant - Round 2: Alex and Gareth	\N	\N	original	\N	1
tt5483452	2	Instant Restaurant - Round 2: Alex and Gareth	AU	\N	\N	\N	0
tt5483456	1	Instant Restaurant - Round 2: Luciano and Martino	\N	\N	original	\N	1
tt5483456	2	Instant Restaurant - Round 2: Luciano and Martino	AU	\N	\N	\N	0
tt5483458	1	Instant Restaurant - Round 2: Tasia and Gracia	\N	\N	original	\N	1
tt5483458	2	Instant Restaurant - Round 2: Tasia and Gracia	AU	\N	\N	\N	0
tt5483460	1	Instant Restaurant - Round 2: JP and Nelly	\N	\N	original	\N	1
tt5483460	2	Instant Restaurant - Round 2: JP and Nelly	AU	\N	\N	\N	0
tt5483464	1	Instant Restaurant - Round 2: Nev and Kell	\N	\N	original	\N	1
tt5483464	2	Instant Restaurant - Round 2: Nev and Kell	AU	\N	\N	\N	0
tt5483466	1	Comeback	\N	\N	original	\N	1
tt5483468	1	Wedding Without a Rabbi	\N	\N	original	\N	1
tt5483470	1	Mission for Murder	\N	\N	original	\N	1
tt5483472	1	Death in a Ghost Town	\N	\N	original	\N	1
tt5483474	1	Wedding, Funeral	\N	\N	original	\N	1
tt5483476	1	Close-up of Murder	\N	\N	original	\N	1
tt5483478	1	Sha Zhu	\N	\N	original	\N	1
tt5483478	2	Qing man si he yuan	CN	cmn	alternative	\N	0
tt5483478	3	Sha Zhu	CN	\N	\N	\N	0
tt5483480	1	Ty lidi mi k nám nezvi!	\N	\N	original	\N	1
tt5483482	1	Episode #1.2	\N	\N	original	\N	1
tt5483482	2	Episódio #1.2	PT	pt	\N	\N	0
tt5483482	3	एपिसोड #1.2	IN	hi	\N	\N	0
tt5483482	4	Épisode #1.2	FR	fr	\N	\N	0
tt5483482	5	Episodio #1.2	IT	it	\N	\N	0
tt5483482	6	Folge #1.2	DE	de	\N	\N	0
tt5483482	7	エピソード #1.2	JP	ja	\N	\N	0
tt5483482	8	Episodio #1.2	ES	es	\N	\N	0
tt5483484	1	Kerstspecial - Pilot	\N	\N	original	\N	1
tt5483484	2	Raad het Lied!	\N	\N	\N	\N	0
tt5483486	1	Episode #1.3	\N	\N	original	\N	1
tt5483486	2	Episódio #1.3	PT	pt	\N	\N	0
tt5483486	3	एपिसोड #1.3	IN	hi	\N	\N	0
tt5483486	4	Épisode #1.3	FR	fr	\N	\N	0
tt5483486	5	Episodio #1.3	IT	it	\N	\N	0
tt5483486	6	Folge #1.3	DE	de	\N	\N	0
tt5483486	7	エピソード #1.3	JP	ja	\N	\N	0
tt5483486	8	Episodio #1.3	ES	es	\N	\N	0
tt5483488	1	The Bowl at Cow Bay	\N	\N	original	\N	1
tt5483488	2	The Bowl at Cow Bay	CA	\N	\N	\N	0
tt5483490	1	Kaiki - kuroi kage no shugeki	\N	\N	original	\N	1
tt5483492	1	Episode #1.4	\N	\N	original	\N	1
tt5483492	2	Episódio #1.4	PT	pt	\N	\N	0
tt5483492	3	एपिसोड #1.4	IN	hi	\N	\N	0
tt5483492	4	Épisode #1.4	FR	fr	\N	\N	0
tt5483492	5	Episodio #1.4	IT	it	\N	\N	0
tt5483492	6	Folge #1.4	DE	de	\N	\N	0
tt5483492	7	エピソード #1.4	JP	ja	\N	\N	0
tt5483492	8	Episodio #1.4	ES	es	\N	\N	0
tt5483494	1	Soo koogeki! shi no toripuru dai sakusen	\N	\N	original	\N	1
tt5483496	1	Wien - Weltstadt mit Weltwein	\N	\N	original	\N	1
tt5483496	2	Wien - Weltstadt mit Weltwein	AT	\N	\N	\N	0
tt5483498	1	Bakushi! kyoofu no piguman shishaku	\N	\N	original	\N	1
tt5483500	1	Episode #1.5	\N	\N	original	\N	1
tt5483500	2	Episódio #1.5	PT	pt	\N	\N	0
tt5483500	3	एपिसोड #1.5	IN	hi	\N	\N	0
tt5483500	4	Épisode #1.5	FR	fr	\N	\N	0
tt5483500	5	Episodio #1.5	IT	it	\N	\N	0
tt5483500	6	Folge #1.5	DE	de	\N	\N	0
tt5483500	7	エピソード #1.5	JP	ja	\N	\N	0
tt5483500	8	Episodio #1.5	ES	es	\N	\N	0
tt5483502	1	Madame President	\N	\N	original	\N	1
tt5483504	1	Episode dated 27 February 2016	\N	\N	original	\N	1
tt5483504	2	Episódio datado de 27 Fevereiro de 2016	PT	pt	\N	\N	0
tt5483504	3	27 फ़रवरी 2016 को प्रसारित एपिसोड	IN	hi	\N	\N	0
tt5483504	4	Épisode datant du 27 février 2016	FR	fr	\N	\N	0
tt5483504	5	Episodio datato 27 febbraio 2016	IT	it	\N	\N	0
tt5483504	6	Folge vom 27. Februar 2016	DE	de	\N	\N	0
tt5483504	7	2016年2月27日 のエピソード	JP	ja	\N	\N	0
tt5483504	8	Episodio fechado 27 febrero 2016	ES	es	\N	\N	0
tt5483506	1	Episode #1.6	\N	\N	original	\N	1
tt5483506	2	Episódio #1.6	PT	pt	\N	\N	0
tt5483506	3	एपिसोड #1.6	IN	hi	\N	\N	0
tt5483506	4	Épisode #1.6	FR	fr	\N	\N	0
tt5483506	5	Episodio #1.6	IT	it	\N	\N	0
tt5483506	6	Folge #1.6	DE	de	\N	\N	0
tt5483506	7	エピソード #1.6	JP	ja	\N	\N	0
tt5483506	8	Episodio #1.6	ES	es	\N	\N	0
tt5483508	1	Nama ka shi ka?! jigoku too hisshi no kooboo sen	\N	\N	original	\N	1
tt5483510	1	Episode #1.7	\N	\N	original	\N	1
tt5483510	2	Episódio #1.7	PT	pt	\N	\N	0
tt5483510	3	एपिसोड #1.7	IN	hi	\N	\N	0
tt5483510	4	Épisode #1.7	FR	fr	\N	\N	0
tt5483510	5	Episodio #1.7	IT	it	\N	\N	0
tt5483510	6	Folge #1.7	DE	de	\N	\N	0
tt5483510	7	エピソード #1.7	JP	ja	\N	\N	0
tt5483510	8	Episodio #1.7	ES	es	\N	\N	0
tt5483512	1	Episode #1.8	\N	\N	original	\N	1
tt5483512	2	Episódio #1.8	PT	pt	\N	\N	0
tt5483512	3	एपिसोड #1.8	IN	hi	\N	\N	0
tt5483512	4	Épisode #1.8	FR	fr	\N	\N	0
tt5483512	5	Episodio #1.8	IT	it	\N	\N	0
tt5483512	6	Folge #1.8	DE	de	\N	\N	0
tt5483512	7	エピソード #1.8	JP	ja	\N	\N	0
tt5483512	8	Episodio #1.8	ES	es	\N	\N	0
tt5483514	1	Episode #11.120	\N	\N	original	\N	1
tt5483514	2	Episódio #11.120	PT	pt	\N	\N	0
tt5483514	3	एपिसोड #11.120	IN	hi	\N	\N	0
tt5483514	4	Épisode #11.120	FR	fr	\N	\N	0
tt5483514	5	Episodio #11.120	IT	it	\N	\N	0
tt5483514	6	Folge #11.120	DE	de	\N	\N	0
tt5483514	7	エピソード #11.120	JP	ja	\N	\N	0
tt5483514	8	Episodio #11.120	ES	es	\N	\N	0
tt5483516	1	Episode #1.9	\N	\N	original	\N	1
tt5483516	2	Episódio #1.9	PT	pt	\N	\N	0
tt5483516	3	एपिसोड #1.9	IN	hi	\N	\N	0
tt5483516	4	Épisode #1.9	FR	fr	\N	\N	0
tt5483516	5	Episodio #1.9	IT	it	\N	\N	0
tt5483516	6	Folge #1.9	DE	de	\N	\N	0
tt5483516	7	エピソード #1.9	JP	ja	\N	\N	0
tt5483516	8	Episodio #1.9	ES	es	\N	\N	0
tt5483518	1	Kanpani gâruzu	\N	\N	original	\N	1
tt5483518	2	Kanpani gâruzu	JP	\N	\N	\N	0
tt5483520	1	Charlotte Cross' Deep Submission	\N	\N	original	\N	1
tt5483522	1	Episode #1.10	\N	\N	original	\N	1
tt5483522	2	Episódio #1.10	PT	pt	\N	\N	0
tt5483522	3	एपिसोड #1.10	IN	hi	\N	\N	0
tt5483522	4	Épisode #1.10	FR	fr	\N	\N	0
tt5483522	5	Episodio #1.10	IT	it	\N	\N	0
tt5483522	6	Folge #1.10	DE	de	\N	\N	0
tt5483522	7	エピソード #1.10	JP	ja	\N	\N	0
tt5483522	8	Episodio #1.10	ES	es	\N	\N	0
tt5483524	1	Matta nashi! kyooi no chitei 4, 000 M (meetoru)	\N	\N	original	\N	1
tt5483526	1	Sucking and fucking the bad energy away	\N	\N	original	\N	1
tt5483526	2	Sucking and fucking the bad energy away	US	\N	\N	\N	0
tt5483528	1	La jaula abierta	\N	\N	original	\N	1
tt5483528	2	La jaula abierta	ES	\N	\N	\N	0
tt5483530	1	Episode #1.11	\N	\N	original	\N	1
tt5483530	2	Episódio #1.11	PT	pt	\N	\N	0
tt5483530	3	एपिसोड #1.11	IN	hi	\N	\N	0
tt5483530	4	Épisode #1.11	FR	fr	\N	\N	0
tt5483530	5	Episodio #1.11	IT	it	\N	\N	0
tt5483530	6	Folge #1.11	DE	de	\N	\N	0
tt5483530	7	エピソード #1.11	JP	ja	\N	\N	0
tt5483530	8	Episodio #1.11	ES	es	\N	\N	0
tt5483532	1	Episode #1.191	\N	\N	original	\N	1
tt5483532	2	Episódio #1.191	PT	pt	\N	\N	0
tt5483532	3	एपिसोड #1.191	IN	hi	\N	\N	0
tt5483532	4	Épisode #1.191	FR	fr	\N	\N	0
tt5483532	5	Episodio #1.191	IT	it	\N	\N	0
tt5483532	6	Folge #1.191	DE	de	\N	\N	0
tt5483532	7	エピソード #1.191	JP	ja	\N	\N	0
tt5483532	8	Episodio #1.191	ES	es	\N	\N	0
tt5483534	1	Deseos cumplidos	\N	\N	original	\N	1
tt5483536	1	Episode #1.12	\N	\N	original	\N	1
tt5483536	2	Episódio #1.12	PT	pt	\N	\N	0
tt5483536	3	एपिसोड #1.12	IN	hi	\N	\N	0
tt5483536	4	Épisode #1.12	FR	fr	\N	\N	0
tt5483536	5	Episodio #1.12	IT	it	\N	\N	0
tt5483536	6	Folge #1.12	DE	de	\N	\N	0
tt5483536	7	エピソード #1.12	JP	ja	\N	\N	0
tt5483536	8	Episodio #1.12	ES	es	\N	\N	0
tt5483538	1	The Fan Girl: Lesbian slut bound, spanked, and strap-on fucked!	\N	\N	original	\N	1
tt5483538	2	The Fan Girl: Lesbian slut bound, spanked, and strap-on fucked!	US	\N	\N	\N	0
tt5483540	1	Episode dated 27 February 2016	\N	\N	original	\N	1
tt5483540	2	Episódio datado de 27 Fevereiro de 2016	PT	pt	\N	\N	0
tt5483540	3	27 फ़रवरी 2016 को प्रसारित एपिसोड	IN	hi	\N	\N	0
tt5483540	4	Épisode datant du 27 février 2016	FR	fr	\N	\N	0
tt5483540	5	Episodio datato 27 febbraio 2016	IT	it	\N	\N	0
tt5483540	6	Folge vom 27. Februar 2016	DE	de	\N	\N	0
tt5483540	7	2016年2月27日 のエピソード	JP	ja	\N	\N	0
tt5483540	8	Episodio fechado 27 febrero 2016	ES	es	\N	\N	0
tt5483542	1	Okore shiroo! haha no omokage o ute	\N	\N	original	\N	1
tt5483544	1	Episode #1.13	\N	\N	original	\N	1
tt5483544	2	Episódio #1.13	PT	pt	\N	\N	0
tt5483544	3	एपिसोड #1.13	IN	hi	\N	\N	0
tt5483544	4	Épisode #1.13	FR	fr	\N	\N	0
tt5483544	5	Episodio #1.13	IT	it	\N	\N	0
tt5483544	6	Folge #1.13	DE	de	\N	\N	0
tt5483544	7	エピソード #1.13	JP	ja	\N	\N	0
tt5483544	8	Episodio #1.13	ES	es	\N	\N	0
tt5483546	1	Episode dated 26 February 2016	\N	\N	original	\N	1
tt5483546	2	Episódio datado de 26 Fevereiro de 2016	PT	pt	\N	\N	0
tt5483546	3	26 फ़रवरी 2016 को प्रसारित एपिसोड	IN	hi	\N	\N	0
tt5483546	4	Épisode datant du 26 février 2016	FR	fr	\N	\N	0
tt5483546	5	Episodio datato 26 febbraio 2016	IT	it	\N	\N	0
tt5483546	6	Folge vom 26. Februar 2016	DE	de	\N	\N	0
tt5483546	7	2016年2月26日 のエピソード	JP	ja	\N	\N	0
tt5483546	8	Episodio fechado 26 febrero 2016	ES	es	\N	\N	0
tt5483548	1	The Future Is Female	\N	\N	original	\N	1
tt5483550	1	Episode #1.14	\N	\N	original	\N	1
tt5483550	2	Episódio #1.14	PT	pt	\N	\N	0
tt5483550	3	एपिसोड #1.14	IN	hi	\N	\N	0
tt5483550	4	Épisode #1.14	FR	fr	\N	\N	0
tt5483550	5	Episodio #1.14	IT	it	\N	\N	0
tt5483550	6	Folge #1.14	DE	de	\N	\N	0
tt5483550	7	エピソード #1.14	JP	ja	\N	\N	0
tt5483550	8	Episodio #1.14	ES	es	\N	\N	0
tt5483552	1	Star of Kashmir	\N	\N	original	\N	1
tt5483554	1	Rasuto. chansu! Dr. heru shi no kessen	\N	\N	original	\N	1
tt5483556	1	Episode #1.15	\N	\N	original	\N	1
tt5483556	2	Episódio #1.15	PT	pt	\N	\N	0
tt5483556	3	एपिसोड #1.15	IN	hi	\N	\N	0
tt5483556	4	Épisode #1.15	FR	fr	\N	\N	0
tt5483556	5	Episodio #1.15	IT	it	\N	\N	0
tt5483556	6	Folge #1.15	DE	de	\N	\N	0
tt5483556	7	エピソード #1.15	JP	ja	\N	\N	0
tt5483556	8	Episodio #1.15	ES	es	\N	\N	0
tt5483558	1	Arisu ôdâ	\N	\N	original	\N	1
tt5483558	2	Alice Order	GB	\N	imdbDisplay	\N	0
tt5483558	3	Alice Order	US	\N	imdbDisplay	\N	0
tt5483558	4	Alice Order	XWW	en	imdbDisplay	\N	0
tt5483558	5	Arisu ôdâ	JP	\N	\N	\N	0
tt5483560	1	Desumacchi! yomigaere waga too no majingaa Z	\N	\N	original	\N	1
tt5483562	1	Wachau - Steile Lagen, große Weine	\N	\N	original	\N	1
tt5483562	2	Wachau - Steile Lagen, große Weine	AT	\N	\N	\N	0
tt5483564	1	Episode #1.16	\N	\N	original	\N	1
tt5483564	2	Episódio #1.16	PT	pt	\N	\N	0
tt5483564	3	एपिसोड #1.16	IN	hi	\N	\N	0
tt5483564	4	Épisode #1.16	FR	fr	\N	\N	0
tt5483564	5	Episodio #1.16	IT	it	\N	\N	0
tt5483564	6	Folge #1.16	DE	de	\N	\N	0
tt5483564	7	エピソード #1.16	JP	ja	\N	\N	0
tt5483564	8	Episodio #1.16	ES	es	\N	\N	0
tt5483566	1	Episode #1.17	\N	\N	original	\N	1
tt5483566	2	Episódio #1.17	PT	pt	\N	\N	0
tt5483566	3	एपिसोड #1.17	IN	hi	\N	\N	0
tt5483566	4	Épisode #1.17	FR	fr	\N	\N	0
tt5483566	5	Episodio #1.17	IT	it	\N	\N	0
tt5483566	6	Folge #1.17	DE	de	\N	\N	0
tt5483566	7	エピソード #1.17	JP	ja	\N	\N	0
tt5483566	8	Episodio #1.17	ES	es	\N	\N	0
tt5483570	1	Hadj Nacereddine Dinet	\N	\N	original	\N	1
tt5483570	2	Hadj Nacereddine Dinet	DZ	\N	\N	\N	0
tt5483572	1	L'envol des Scorpions	\N	\N	original	\N	1
tt5483578	1	Wolferton Splash	\N	\N	original	\N	1
tt5483578	2	Wolferton Splash	US	\N	\N	\N	0
tt5483582	1	Top 40 of 2014: Part 1	\N	\N	original	\N	1
tt5483584	1	Episode #1.18	\N	\N	original	\N	1
tt5483584	2	Episódio #1.18	PT	pt	\N	\N	0
tt5483584	3	एपिसोड #1.18	IN	hi	\N	\N	0
tt5483584	4	Épisode #1.18	FR	fr	\N	\N	0
tt5483584	5	Episodio #1.18	IT	it	\N	\N	0
tt5483584	6	Folge #1.18	DE	de	\N	\N	0
tt5483584	7	エピソード #1.18	JP	ja	\N	\N	0
tt5483584	8	Episodio #1.18	ES	es	\N	\N	0
tt5483586	1	Top 40 of 2014: Part 2	\N	\N	original	\N	1
tt5483588	1	Itan mia fora mia sapounopera...	\N	\N	original	\N	1
tt5483590	1	Serial Contra	\N	\N	original	\N	1
tt5483592	1	Episode #1.19	\N	\N	original	\N	1
tt5483592	2	Episódio #1.19	PT	pt	\N	\N	0
tt5483592	3	एपिसोड #1.19	IN	hi	\N	\N	0
tt5483592	4	Épisode #1.19	FR	fr	\N	\N	0
tt5483592	5	Episodio #1.19	IT	it	\N	\N	0
tt5483592	6	Folge #1.19	DE	de	\N	\N	0
tt5483592	7	エピソード #1.19	JP	ja	\N	\N	0
tt5483592	8	Episodio #1.19	ES	es	\N	\N	0
tt5483594	1	Breaking Down	\N	\N	original	\N	1
tt5483594	2	Breaking Down	GB	\N	imdbDisplay	\N	0
tt5483596	1	Itan mia fora mia erotiki tainia...	\N	\N	original	\N	1
tt5483598	1	Itan mia fora enas doritis spermatos...	\N	\N	original	\N	1
